image,tfzoptions_title
rawfile,cp_mod.cfg
rawfile,mod.cfg
rawfile,mp_mod.cfg
rawfile,ui/hudinject/hudinject.lua
rawfile,ui/t6/lobby/lobbymenubuttons.lua
rawfile,ui/t6/lobby/lobbymenus.lua
rawfile,ui/t7/utility/codutilityrequire.lua
rawfile,ui/t7/utility/savingdatautility.lua
rawfile,ui/t7/utility/tfpcutility.lua
rawfile,ui/uieditor/menus/core_frontend_patch_require.lua
rawfile,ui/uieditor/menus/core_ui_require.lua
rawfile,ui/uieditor/menus/pc/tfoptions.lua
rawfile,ui/uieditor/menus/pc/tfoptions_game.lua
rawfile,ui/uieditor/menus/pc/tfoptions_perks.lua
rawfile,ui/uieditor/menus/pc/tfoptions_player.lua
rawfile,ui/uieditor/menus/pc/tfoptions_powerups.lua
rawfile,ui/uieditor/menus/pc/tfoptions_roamer.lua
rawfile,ui/uieditor/menus/pc/tfoptions_weapons.lua
rawfile,ui/uieditor/menus/pc/tfoptions_zombies.lua
rawfile,ui/uieditor/widgets/pc/startmenu/dropdown/tfoptiondropdown.lua
rawfile,ui/uieditor/widgets/pc/startmenu/dropdown/tfoptiondropdownitem.lua
rawfile,ui/uieditor/widgets/pc/tfoptions/tfoptions_game_p1.lua
rawfile,ui/uieditor/widgets/pc/tfoptions/tfoptions_game_p2.lua
rawfile,ui/uieditor/widgets/pc/tfoptions/tfoptions_p1.lua
rawfile,ui/uieditor/widgets/pc/tfoptions/tfoptions_p2.lua
rawfile,ui/uieditor/widgets/pc/tfoptions/tfoptions_p3.lua
rawfile,ui/uieditor/widgets/pc/tfoptions/tfoptions_perks_p1.lua
rawfile,ui/uieditor/widgets/pc/tfoptions/tfoptions_player_p1.lua
rawfile,ui/uieditor/widgets/pc/tfoptions/tfoptions_powerups_p1.lua
rawfile,ui/uieditor/widgets/pc/tfoptions/tfoptions_roamer_p1.lua
rawfile,ui/uieditor/widgets/pc/tfoptions/tfoptions_weapons_p1.lua
rawfile,ui/uieditor/widgets/pc/tfoptions/tfoptions_zombies_p1.lua
rawfile,ui/uieditor/widgets/startmenu/tfoptions_checkboxoption.lua
rawfile,ui/uieditor/widgets/startmenu/tfoptions_navbutton.lua
rawfile,zm_mod.cfg
scriptparsetree,scripts/zm/zmsavedata.gsc
keyvaluepairs,core_mod
